{"_type":"export","__export_format":4,"__export_date":"2024-06-06T11:37:42.919Z","__export_source":"insomnia.desktop.app:v9.2.0","resources":[{"_id":"req_290e24c9d19a46be80c7be92fbd6fdf9","parentId":"fld_2d79a8f35a1949eb9f6760edfb09e406","modified":1717601714363,"created":1717601569480,"url":"http://localhost:3000/estatisticas/PecasUtilizacao/","name":"Utilização das Peças","description":"","method":"GET","body":{},"preRequestScript":"","parameters":[],"headers":[{"name":"User-Agent","value":"insomnia/9.2.0"}],"authentication":{"type":"apikey","disabled":false,"key":"Authorization","value":"{% cookie 'http://localhost:3000', 'Authentication' %}","addTo":"header"},"metaSortKey":-1717601569480,"isPrivate":false,"pathParameters":[],"settingStoreCookies":true,"settingSendCookies":true,"settingDisableRenderRequestBody":false,"settingEncodeUrl":true,"settingRebuildPath":true,"settingFollowRedirects":"global","_type":"request"},{"_id":"fld_2d79a8f35a1949eb9f6760edfb09e406","parentId":"wrk_scratchpad","modified":1717601565402,"created":1717601565402,"name":"Estatisticas","description":"","environment":{},"environmentPropertyOrder":null,"metaSortKey":-1717601565402,"_type":"request_group"},{"_id":"wrk_scratchpad","parentId":null,"modified":1713432270957,"created":1713432270957,"name":"Scratch Pad","description":"","scope":"collection","_type":"workspace"},{"_id":"req_a5c0e99109e24d569cb1d2edb0222fcb","parentId":"fld_2d79a8f35a1949eb9f6760edfb09e406","modified":1717673104240,"created":1717601729915,"url":"http://localhost:3000/estatisticas/tempoMontagem/","name":"Tempo Montagem de Drone","description":"","method":"GET","body":{},"preRequestScript":"","parameters":[],"headers":[{"name":"User-Agent","value":"insomnia/9.2.0"}],"authentication":{"type":"apikey","disabled":false,"key":"Authorization","value":"{% cookie 'http://localhost:3000', 'Authentication' %}","addTo":"header"},"metaSortKey":-1717228978989,"isPrivate":false,"pathParameters":[],"settingStoreCookies":true,"settingSendCookies":true,"settingDisableRenderRequestBody":false,"settingEncodeUrl":true,"settingRebuildPath":true,"settingFollowRedirects":"global","_type":"request"},{"_id":"req_5f180accd27441c484d1cd0241e53786","parentId":"fld_2d79a8f35a1949eb9f6760edfb09e406","modified":1717601888153,"created":1717601884914,"url":"http://localhost:3000/estatisticas/PecaMaisUtilizada","name":"Peça Mais Utilizada","description":"","method":"GET","body":{},"preRequestScript":"","parameters":[],"headers":[{"name":"User-Agent","value":"insomnia/9.2.0"}],"authentication":{"type":"apikey","disabled":false,"key":"Authorization","value":"{% cookie 'http://localhost:3000', 'Authentication' %}","addTo":"header"},"metaSortKey":-1717042683743.5,"isPrivate":false,"pathParameters":[],"settingStoreCookies":true,"settingSendCookies":true,"settingDisableRenderRequestBody":false,"settingEncodeUrl":true,"settingRebuildPath":true,"settingFollowRedirects":"global","_type":"request"},{"_id":"req_2bd308ae085f4b1db37fe6c0a3a5e3c1","parentId":"fld_2d79a8f35a1949eb9f6760edfb09e406","modified":1717673134372,"created":1717602838366,"url":"http://localhost:3000/estatisticas/workerMontagens/Eduardo","name":"Quantidade Montagens Trabalhador","description":"","method":"GET","body":{},"preRequestScript":"","parameters":[],"headers":[{"name":"User-Agent","value":"insomnia/9.2.0"}],"authentication":{"type":"apikey","disabled":false,"key":"Authorization","value":"{% cookie 'http://localhost:3000', 'Authentication' %}","addTo":"header"},"metaSortKey":-1716996109932.125,"isPrivate":false,"pathParameters":[],"settingStoreCookies":true,"settingSendCookies":true,"settingDisableRenderRequestBody":false,"settingEncodeUrl":true,"settingRebuildPath":true,"settingFollowRedirects":"global","_type":"request"},{"_id":"req_596a359c6d694067809bfcb4129bb4af","parentId":"fld_2d79a8f35a1949eb9f6760edfb09e406","modified":1717602859047,"created":1717602851858,"url":"http://localhost:3000/estatisticas/workersMontagens","name":"Quantidade Montagens Trabalhadores","description":"","method":"GET","body":{},"preRequestScript":"","parameters":[],"headers":[{"name":"User-Agent","value":"insomnia/9.2.0"}],"authentication":{"type":"apikey","disabled":false,"key":"Authorization","value":"{% cookie 'http://localhost:3000', 'Authentication' %}","addTo":"header"},"metaSortKey":-1716972823026.4375,"isPrivate":false,"pathParameters":[],"settingStoreCookies":true,"settingSendCookies":true,"settingDisableRenderRequestBody":false,"settingEncodeUrl":true,"settingRebuildPath":true,"settingFollowRedirects":"global","_type":"request"},{"_id":"req_85514439b92544df958393bef9456d4e","parentId":"fld_2d79a8f35a1949eb9f6760edfb09e406","modified":1717601920507,"created":1717601917316,"url":"http://localhost:3000/estatisticas/PecaMenosUtilizada","name":"Peça Menos Utilizada","description":"","method":"GET","body":{},"preRequestScript":"","parameters":[],"headers":[{"name":"User-Agent","value":"insomnia/9.2.0"}],"authentication":{"type":"apikey","disabled":false,"key":"Authorization","value":"{% cookie 'http://localhost:3000', 'Authentication' %}","addTo":"header"},"metaSortKey":-1716949536120.75,"isPrivate":false,"pathParameters":[],"settingStoreCookies":true,"settingSendCookies":true,"settingDisableRenderRequestBody":false,"settingEncodeUrl":true,"settingRebuildPath":true,"settingFollowRedirects":"global","_type":"request"},{"_id":"req_c2389fd4dd28446fae11a4f109359181","parentId":"fld_2d79a8f35a1949eb9f6760edfb09e406","modified":1717601946089,"created":1717601942846,"url":"http://localhost:3000/estatisticas/topUsers","name":"Utilizador Mais Montagens","description":"","method":"GET","body":{},"preRequestScript":"","parameters":[],"headers":[{"name":"User-Agent","value":"insomnia/9.2.0"}],"authentication":{"type":"apikey","disabled":false,"key":"Authorization","value":"{% cookie 'http://localhost:3000', 'Authentication' %}","addTo":"header"},"metaSortKey":-1716902962309.375,"isPrivate":false,"pathParameters":[],"settingStoreCookies":true,"settingSendCookies":true,"settingDisableRenderRequestBody":false,"settingEncodeUrl":true,"settingRebuildPath":true,"settingFollowRedirects":"global","_type":"request"},{"_id":"req_10b3227fe30942788270a94ba6e621a0","parentId":"fld_2d79a8f35a1949eb9f6760edfb09e406","modified":1717601970095,"created":1717601966808,"url":"http://localhost:3000/estatisticas/bottomUsers","name":"Utilizador Menos Montagens","description":"","method":"GET","body":{},"preRequestScript":"","parameters":[],"headers":[{"name":"User-Agent","value":"insomnia/9.2.0"}],"authentication":{"type":"apikey","disabled":false,"key":"Authorization","value":"{% cookie 'http://localhost:3000', 'Authentication' %}","addTo":"header"},"metaSortKey":-1716879675403.6875,"isPrivate":false,"pathParameters":[],"settingStoreCookies":true,"settingSendCookies":true,"settingDisableRenderRequestBody":false,"settingEncodeUrl":true,"settingRebuildPath":true,"settingFollowRedirects":"global","_type":"request"},{"_id":"req_53c18722c2db47f3ad526883663b03d8","parentId":"fld_27e2b8597c5f4230b14faa5ffa495656","modified":1716936026797,"created":1716331954953,"url":"http://localhost:3000/users","name":"Obter todos os users","description":"","method":"GET","body":{"mimeType":"application/json","text":""},"preRequestScript":"","parameters":[{"id":"pair_9565d449a7c5468f929ec097650026e6","name":"","value":"","description":""}],"headers":[{"name":"Content-Type","value":"application/json"}],"authentication":{"type":"apikey","disabled":false,"key":"Authorization","value":"{% cookie 'http://localhost', 'Authentication' %}","addTo":"header"},"metaSortKey":-1716855765257,"isPrivate":false,"pathParameters":[],"settingStoreCookies":true,"settingSendCookies":true,"settingDisableRenderRequestBody":false,"settingEncodeUrl":true,"settingRebuildPath":true,"settingFollowRedirects":"global","_type":"request"},{"_id":"fld_27e2b8597c5f4230b14faa5ffa495656","parentId":"wrk_scratchpad","modified":1716936011672,"created":1716855760205,"name":"Users","description":"","environment":{},"environmentPropertyOrder":null,"metaSortKey":-1716855911722,"_type":"request_group"},{"_id":"req_3486a9ade42740f186f68f295f632fd5","parentId":"fld_27e2b8597c5f4230b14faa5ffa495656","modified":1716936033487,"created":1716935355439,"url":"http://localhost:3000/users/PatalJunior2","name":"Obter user por username","description":"","method":"GET","body":{"mimeType":"application/json","text":""},"preRequestScript":"","parameters":[{"id":"pair_9565d449a7c5468f929ec097650026e6","name":"","value":"","description":""}],"headers":[{"name":"Content-Type","value":"application/json"}],"authentication":{"type":"apikey","disabled":false,"key":"Authorization","value":"{% cookie 'http://localhost', 'Authentication' %}","addTo":"header"},"metaSortKey":-1716855765207,"isPrivate":false,"pathParameters":[],"settingStoreCookies":true,"settingSendCookies":true,"settingDisableRenderRequestBody":false,"settingEncodeUrl":true,"settingRebuildPath":true,"settingFollowRedirects":"global","_type":"request"},{"_id":"req_f1dfd40629814f11aadd0b37187568a6","parentId":"fld_27e2b8597c5f4230b14faa5ffa495656","modified":1716936041202,"created":1714335193598,"url":"http://localhost:3000/users","name":"Register","description":"","method":"POST","body":{"mimeType":"application/json","text":"{\n\t\"username\": \"PatalJunior\",\n\t\"email\": \"eduardopiresabrantes@gmail.com\",\n\t\"password\": \"12345678\",\n\t\"phone\": 968484057\n}"},"preRequestScript":"","parameters":[{"id":"pair_9565d449a7c5468f929ec097650026e6","name":"","value":"","description":""}],"headers":[{"name":"Content-Type","value":"application/json"}],"authentication":{},"metaSortKey":-1716855765182,"isPrivate":false,"pathParameters":[],"settingStoreCookies":true,"settingSendCookies":true,"settingDisableRenderRequestBody":false,"settingEncodeUrl":true,"settingRebuildPath":true,"settingFollowRedirects":"global","_type":"request"},{"_id":"req_b2a4da6758884ee4a1f2282f9eefa3f1","parentId":"fld_27e2b8597c5f4230b14faa5ffa495656","modified":1716936503719,"created":1716936054291,"url":"http://localhost:3000/users","name":"Atualizar user","description":"","method":"PATCH","body":{"mimeType":"application/json","text":"{\n\t\"oldUsername\":\"PatalJunior\",\n\t\"newUsername\": \"PatalJunior\",\n\t\"newEmail\": \"eduardopiresabrantes@gmail.com\",\n\t\"newPassword\": \"12345678\",\n\t\"newPhone\": 96848057\n}"},"preRequestScript":"","parameters":[],"headers":[{"name":"Content-Type","value":"application/json"},{"name":"User-Agent","value":"insomnia/9.2.0"}],"authentication":{"type":"apikey","disabled":false,"key":"Authorization","value":"{% cookie 'http://localhost', 'Authentication' %}","addTo":"header"},"metaSortKey":-1716855765175.75,"isPrivate":false,"pathParameters":[],"settingStoreCookies":true,"settingSendCookies":true,"settingDisableRenderRequestBody":false,"settingEncodeUrl":true,"settingRebuildPath":true,"settingFollowRedirects":"global","_type":"request"},{"_id":"req_e8b83e3557b045c8833a405a8edce54c","parentId":"fld_27e2b8597c5f4230b14faa5ffa495656","modified":1716936544511,"created":1716332087623,"url":"http://localhost:3000/users/PatalJunior","name":"Remove User Username","description":"","method":"DELETE","body":{"mimeType":"application/json","text":""},"preRequestScript":"","parameters":[{"id":"pair_9565d449a7c5468f929ec097650026e6","name":"","value":"","description":""}],"headers":[{"name":"Content-Type","value":"application/json"}],"authentication":{"type":"apikey","disabled":false,"key":"Authorization","value":"{% cookie 'http://localhost', 'Authentication' %}","addTo":"header"},"metaSortKey":-1716855765172.625,"isPrivate":false,"pathParameters":[],"settingStoreCookies":true,"settingSendCookies":true,"settingDisableRenderRequestBody":false,"settingEncodeUrl":true,"settingRebuildPath":true,"settingFollowRedirects":"global","_type":"request"},{"_id":"req_5b8b35931048434fab881971039560f4","parentId":"fld_27e2b8597c5f4230b14faa5ffa495656","modified":1716936546354,"created":1716332309574,"url":"http://localhost:3000/users","name":"Remove All Users","description":"","method":"DELETE","body":{"mimeType":"application/json","text":""},"preRequestScript":"","parameters":[{"id":"pair_9565d449a7c5468f929ec097650026e6","name":"","value":"","description":""}],"headers":[{"name":"Content-Type","value":"application/json"}],"authentication":{"type":"apikey","disabled":false,"key":"Authorization","value":"{% cookie 'http://localhost', 'Authentication' %}","addTo":"header"},"metaSortKey":-1716855765171.0625,"isPrivate":false,"pathParameters":[],"settingStoreCookies":true,"settingSendCookies":true,"settingDisableRenderRequestBody":false,"settingEncodeUrl":true,"settingRebuildPath":true,"settingFollowRedirects":"global","_type":"request"},{"_id":"req_de1eab9c1dc940909057279e97911703","parentId":"fld_27e2b8597c5f4230b14faa5ffa495656","modified":1716936043095,"created":1716332781909,"url":"http://localhost:3000/login","name":"Login","description":"","method":"POST","body":{"mimeType":"application/json","text":"{\n\t\"username\": \"PatalJunior\",\n\t\"password\": \"12345678\"\n}"},"preRequestScript":"","parameters":[{"id":"pair_9565d449a7c5468f929ec097650026e6","name":"","value":"","description":""}],"headers":[{"name":"Content-Type","value":"application/json"}],"authentication":{"type":"none"},"metaSortKey":-1716855765169.5,"isPrivate":false,"pathParameters":[],"settingStoreCookies":true,"settingSendCookies":true,"settingDisableRenderRequestBody":false,"settingEncodeUrl":true,"settingRebuildPath":true,"settingFollowRedirects":"global","_type":"request"},{"_id":"req_db11379acb4b4cabaae1cee7054f1ffe","parentId":"fld_1821993f455742e8a1d61eb421945317","modified":1716936589686,"created":1716855919009,"url":"http://localhost:3000/drones","name":"Obter todos drones","description":"","method":"GET","body":{},"preRequestScript":"","parameters":[],"headers":[{"name":"User-Agent","value":"insomnia/2023.5.8"}],"authentication":{"type":"apikey","disabled":false,"key":"Authorization","value":"{% cookie 'http://localhost', 'Authentication' %}","addTo":"header"},"metaSortKey":-1716855919009,"isPrivate":false,"pathParameters":[],"settingStoreCookies":true,"settingSendCookies":true,"settingDisableRenderRequestBody":false,"settingEncodeUrl":true,"settingRebuildPath":true,"settingFollowRedirects":"global","_type":"request"},{"_id":"fld_1821993f455742e8a1d61eb421945317","parentId":"wrk_scratchpad","modified":1716936552621,"created":1716855911422,"name":"Drones","description":"","environment":{},"environmentPropertyOrder":null,"metaSortKey":-1716855911672,"_type":"request_group"},{"_id":"req_3944e7217ed340b2b72a4775bb1783c5","parentId":"fld_1821993f455742e8a1d61eb421945317","modified":1717673819171,"created":1716936604319,"url":"http://localhost:3000/drones/665662c7d42dc3774bbe77c1","name":"Obter drone por nome","description":"","method":"GET","body":{},"preRequestScript":"","parameters":[],"headers":[{"name":"User-Agent","value":"insomnia/2023.5.8"}],"authentication":{"type":"apikey","disabled":false,"key":"Authorization","value":"{% cookie 'http://localhost', 'Authentication' %}","addTo":"header"},"metaSortKey":-1716855880546,"isPrivate":false,"pathParameters":[],"settingStoreCookies":true,"settingSendCookies":true,"settingDisableRenderRequestBody":false,"settingEncodeUrl":true,"settingRebuildPath":true,"settingFollowRedirects":"global","_type":"request"},{"_id":"req_0718d8dde2dc407598be0fac1702482f","parentId":"fld_1821993f455742e8a1d61eb421945317","modified":1716937413830,"created":1716855966399,"url":"http://localhost:3000/drones","name":"Criar um drone","description":"","method":"POST","body":{"mimeType":"application/json","text":"{\n\t\"droneModelo\": \"DJI Mini 4\",\n\t\"pecasDrone\": [\n\t\t{\n\t\t\t\"nomePeca\": \"Motor\",\n\t\t\t\"quantidade\": 4\n\t\t},\n\t\t{\n\t\t\t\"nomePeca\": \"Helice\",\n\t\t\t\"quantidade\": 8\n\t\t}\n\t]\n}"},"preRequestScript":"","parameters":[],"headers":[{"name":"Content-Type","value":"application/json"},{"name":"User-Agent","value":"insomnia/2023.5.8"}],"authentication":{"type":"apikey","disabled":false,"key":"Authorization","value":"{% cookie 'http://localhost', 'Authentication' %}","addTo":"header"},"metaSortKey":-1716855842083,"isPrivate":false,"pathParameters":[],"settingStoreCookies":true,"settingSendCookies":true,"settingDisableRenderRequestBody":false,"settingEncodeUrl":true,"settingRebuildPath":true,"settingFollowRedirects":"global","_type":"request"},{"_id":"req_ae3b53fc76d24d6a86a39130ad17ca5e","parentId":"fld_1821993f455742e8a1d61eb421945317","modified":1716936827784,"created":1716936736798,"url":"http://localhost:3000/drones","name":"Atualizar dados de drone","description":"","method":"PATCH","body":{"mimeType":"application/json","text":"{\n\t\"oldDroneModelo\": \"DJI2\",\n\t\"newDroneModelo\": \"DJI3\",\n\t\"newPecasDrone\": [\n\t\t{\n\t\t\t\"nomePeca\": \"Motor\",\n\t\t\t\"quantidade\": 2\n\t\t},\n\t\t{\n\t\t\t\"nomePeca\": \"Helice\",\n\t\t\t\"quantidade\": 2\n\t\t}\n\t]\n}"},"preRequestScript":"","parameters":[],"headers":[{"name":"Content-Type","value":"application/json"},{"name":"User-Agent","value":"insomnia/2023.5.8"}],"authentication":{"type":"apikey","disabled":false,"key":"Authorization","value":"{% cookie 'http://localhost', 'Authentication' %}","addTo":"header"},"metaSortKey":-1716855803670,"isPrivate":false,"pathParameters":[],"settingStoreCookies":true,"settingSendCookies":true,"settingDisableRenderRequestBody":false,"settingEncodeUrl":true,"settingRebuildPath":true,"settingFollowRedirects":"global","_type":"request"},{"_id":"req_9beb3ccbd4b841f8ad98a784b1e68e0f","parentId":"fld_1821993f455742e8a1d61eb421945317","modified":1717673848772,"created":1716936873860,"url":"http://localhost:3000/drones/665662c7d42dc3774bbe77c1","name":"Remover drone pelo modelo","description":"","method":"DELETE","body":{"mimeType":"application/json","text":""},"preRequestScript":"","parameters":[],"headers":[{"name":"Content-Type","value":"application/json"},{"name":"User-Agent","value":"insomnia/2023.5.8"}],"authentication":{"type":"apikey","disabled":false,"key":"Authorization","value":"{% cookie 'http://localhost', 'Authentication' %}","addTo":"header"},"metaSortKey":-1716855784463.5,"isPrivate":false,"pathParameters":[],"settingStoreCookies":true,"settingSendCookies":true,"settingDisableRenderRequestBody":false,"settingEncodeUrl":true,"settingRebuildPath":true,"settingFollowRedirects":"global","_type":"request"},{"_id":"req_bb029e0ff8534998bb61d60707795cfc","parentId":"fld_1821993f455742e8a1d61eb421945317","modified":1716937112467,"created":1716937092048,"url":"http://localhost:3000/drones","name":"Remover todos drones","description":"","method":"DELETE","body":{"mimeType":"application/json","text":""},"preRequestScript":"","parameters":[],"headers":[{"name":"Content-Type","value":"application/json"},{"name":"User-Agent","value":"insomnia/2023.5.8"}],"authentication":{"type":"apikey","disabled":false,"key":"Authorization","value":"{% cookie 'http://localhost', 'Authentication' %}","addTo":"header"},"metaSortKey":-1716855774860.25,"isPrivate":false,"pathParameters":[],"settingStoreCookies":true,"settingSendCookies":true,"settingDisableRenderRequestBody":false,"settingEncodeUrl":true,"settingRebuildPath":true,"settingFollowRedirects":"global","_type":"request"},{"_id":"req_7861e6bc440941a798de997fdda23ea4","parentId":"fld_9448ff3a64a94caa83fa839132ac7e31","modified":1716935914610,"created":1716854054766,"url":"http://localhost:3000/pecas","name":"Obter todas as pecas","description":"","method":"GET","body":{},"preRequestScript":"","parameters":[],"headers":[{"name":"User-Agent","value":"insomnia/2023.5.8"}],"authentication":{"type":"apikey","disabled":false,"key":"Authorization","value":"{% cookie 'http://localhost', 'Authentication' %}","addTo":"header"},"metaSortKey":-1716854220650,"isPrivate":false,"pathParameters":[],"settingStoreCookies":true,"settingSendCookies":true,"settingDisableRenderRequestBody":false,"settingEncodeUrl":true,"settingRebuildPath":true,"settingFollowRedirects":"global","_type":"request"},{"_id":"fld_9448ff3a64a94caa83fa839132ac7e31","parentId":"wrk_scratchpad","modified":1716936008499,"created":1716854052094,"name":"Pecas","description":"","environment":{},"environmentPropertyOrder":null,"metaSortKey":-1716855911622,"_type":"request_group"},{"_id":"req_0f2c3576fa63465b9d54aa7ddb7a1a70","parentId":"fld_9448ff3a64a94caa83fa839132ac7e31","modified":1717673392657,"created":1716854084513,"url":"http://localhost:3000/pecas/6656629ed42dc3774bbe77a9","name":"Obter peca por nome","description":"","method":"GET","body":{},"preRequestScript":"","parameters":[],"headers":[{"name":"User-Agent","value":"insomnia/2023.5.8"}],"authentication":{"type":"apikey","disabled":false,"key":"Authorization","value":"{% cookie 'http://localhost', 'Authentication' %}","addTo":"header"},"metaSortKey":-1716854220600,"isPrivate":false,"pathParameters":[],"settingStoreCookies":true,"settingSendCookies":true,"settingDisableRenderRequestBody":false,"settingEncodeUrl":true,"settingRebuildPath":true,"settingFollowRedirects":"global","_type":"request"},{"_id":"req_c6da369069c44f9299e4246b9e44b6ff","parentId":"fld_9448ff3a64a94caa83fa839132ac7e31","modified":1717673734208,"created":1716854220550,"url":"http://localhost:3000/pecas","name":"Adicionar uma peca","description":"","method":"POST","body":{"mimeType":"application/json","text":"{\n\t\"nomePeca\":\"Lagarta\",\n\t\"quantidade\": 10\n}"},"preRequestScript":"","parameters":[],"headers":[{"name":"Content-Type","value":"application/json"},{"name":"User-Agent","value":"insomnia/2023.5.8"}],"authentication":{"type":"apikey","disabled":false,"key":"Authorization","value":"{% cookie 'http://localhost', 'Authentication' %}","addTo":"header"},"metaSortKey":-1716854220587.5,"isPrivate":false,"pathParameters":[],"settingStoreCookies":true,"settingSendCookies":true,"settingDisableRenderRequestBody":false,"settingEncodeUrl":true,"settingRebuildPath":true,"settingFollowRedirects":"global","_type":"request"},{"_id":"req_5a915437384649779a4c62eabd03f077","parentId":"fld_9448ff3a64a94caa83fa839132ac7e31","modified":1717673357254,"created":1716854565881,"url":"http://localhost:3000/pecas","name":"Atualizar uma peca","description":"","method":"PATCH","body":{"mimeType":"application/json","text":"{\n\t\"pecaId\": \"6656629ed42dc3774bbe77a9\",\n\t\"newPeca\": {\n\t\t\"nomePeca\": \"Peça\",\n\t\t\"quantidade\": 1\n\t}\n}"},"preRequestScript":"","parameters":[],"headers":[{"name":"Content-Type","value":"application/json"},{"name":"User-Agent","value":"insomnia/2023.5.8"}],"authentication":{"type":"apikey","disabled":false,"key":"Authorization","value":"{% cookie 'http://localhost', 'Authentication' %}","addTo":"header"},"metaSortKey":-1716854220575,"isPrivate":false,"pathParameters":[],"settingStoreCookies":true,"settingSendCookies":true,"settingDisableRenderRequestBody":false,"settingEncodeUrl":true,"settingRebuildPath":true,"settingFollowRedirects":"global","_type":"request"},{"_id":"req_29634fef9b3749afbd11449fe4a57d35","parentId":"fld_9448ff3a64a94caa83fa839132ac7e31","modified":1716937250462,"created":1716855821104,"url":"http://localhost:3000/pecas","name":"Apagar pecas","description":"","method":"DELETE","body":{},"preRequestScript":"","parameters":[],"headers":[{"name":"User-Agent","value":"insomnia/2023.5.8"}],"authentication":{"type":"apikey","disabled":false,"key":"Authorization","value":"{% cookie 'http://localhost', 'Authentication' %}","addTo":"header"},"metaSortKey":-1716854220562.5,"isPrivate":false,"pathParameters":[],"settingStoreCookies":true,"settingSendCookies":true,"settingDisableRenderRequestBody":false,"settingEncodeUrl":true,"settingRebuildPath":true,"settingFollowRedirects":"global","_type":"request"},{"_id":"req_8e9b3761a41d4d0898b64d1d64f21f95","parentId":"fld_9448ff3a64a94caa83fa839132ac7e31","modified":1717673793134,"created":1716935787079,"url":"http://localhost:3000/pecas/665662b2d42dc3774bbe77b2","name":"Apagar peca por nome","description":"","method":"DELETE","body":{},"preRequestScript":"","parameters":[],"headers":[{"name":"User-Agent","value":"insomnia/2023.5.8"}],"authentication":{"type":"apikey","disabled":false,"key":"Authorization","value":"{% cookie 'htpp://localhost', 'Authentication' %}","addTo":"header"},"metaSortKey":-1713094124051,"isPrivate":false,"pathParameters":[],"settingStoreCookies":true,"settingSendCookies":true,"settingDisableRenderRequestBody":false,"settingEncodeUrl":true,"settingRebuildPath":true,"settingFollowRedirects":"global","_type":"request"},{"_id":"req_dae6515b5b2f420493da27376591591c","parentId":"fld_0f92fb710ed64ed5b1157a8e24feefa0","modified":1716923965917,"created":1716856682028,"url":"http://localhost:3000/montagem","name":"Criar montagem","description":"","method":"POST","body":{"mimeType":"application/json","text":"{\n\t\"droneModel\": \"DJI Mini 4\",\n\t\"workerName\": \"Eduardo\",\n\t\"pecasUsadas\": [\n\t\t{\n\t\t\t\"nomePeca\": \"Helice\",\n\t\t\t\"quantidade\": 1\n\t\t},\n\t\t{\n\t\t\t\"nomePeca\": \"Motor\",\n\t\t\t\"quantidade\": 4\n\t\t}\n\t]\n}"},"preRequestScript":"","parameters":[],"headers":[{"name":"Content-Type","value":"application/json"},{"name":"User-Agent","value":"insomnia/2023.5.8"}],"authentication":{"type":"apikey","disabled":false,"key":"Authorization","value":"{% cookie 'http://localhost', 'Authentication' %}","addTo":"header"},"metaSortKey":-1716856388498,"isPrivate":false,"pathParameters":[],"settingStoreCookies":true,"settingSendCookies":true,"settingDisableRenderRequestBody":false,"settingEncodeUrl":true,"settingRebuildPath":true,"settingFollowRedirects":"global","_type":"request"},{"_id":"fld_0f92fb710ed64ed5b1157a8e24feefa0","parentId":"wrk_scratchpad","modified":1716936003983,"created":1716856373311,"name":"Montagens","description":"","environment":{},"environmentPropertyOrder":null,"metaSortKey":-1716855911522,"_type":"request_group"},{"_id":"req_cd0378ad54c44152b88896209a4ab168","parentId":"fld_0f92fb710ed64ed5b1157a8e24feefa0","modified":1716937452169,"created":1716856384931,"url":"http://localhost:3000/montagens","name":"Obter montagens","description":"","method":"GET","body":{},"preRequestScript":"","parameters":[],"headers":[{"name":"User-Agent","value":"insomnia/2023.5.8"}],"authentication":{"type":"apikey","disabled":false,"key":"Authorization","value":"{% cookie 'http://localhost', 'Authentication' %}","addTo":"header"},"metaSortKey":-1716856388398,"isPrivate":false,"pathParameters":[],"settingStoreCookies":true,"settingSendCookies":true,"settingDisableRenderRequestBody":false,"settingEncodeUrl":true,"settingRebuildPath":true,"settingFollowRedirects":"global","_type":"request"},{"_id":"req_098b4c8ea98f475db5cc9679f0b14df6","parentId":"fld_0f92fb710ed64ed5b1157a8e24feefa0","modified":1717672925830,"created":1716857553749,"url":"http://localhost:3000/montagem/66619ba24434929f2b482408","name":"Obter montagem","description":"","method":"GET","body":{"mimeType":"application/json","text":"{\n\t\"droneModel\": \"DJI Mini 4\",\n\t\"workerName\": \"Eduardo\",\n\t\"startDate\": \"2024-05-28T16:32:38.862+00:00\"\n}"},"preRequestScript":"","parameters":[],"headers":[{"name":"Content-Type","value":"application/json"},{"name":"User-Agent","value":"insomnia/2023.5.8"}],"authentication":{"type":"apikey","disabled":false,"key":"Authorization","value":"{% cookie 'http://localhost', 'Authentication' %}","addTo":"header"},"metaSortKey":-1716856271050.75,"isPrivate":false,"pathParameters":[],"settingStoreCookies":true,"settingSendCookies":true,"settingDisableRenderRequestBody":false,"settingEncodeUrl":true,"settingRebuildPath":true,"settingFollowRedirects":"global","_type":"request"},{"_id":"req_d09eb3f60ba64c2d86e678372b957bd8","parentId":"fld_0f92fb710ed64ed5b1157a8e24feefa0","modified":1717672921528,"created":1716857773421,"url":"http://localhost:3000/montagem/66619ba24434929f2b482408","name":"Atualizar montagem","description":"","method":"PUT","body":{"mimeType":"application/json","text":"{\n\t\n\t\"finished\":true,\n}"},"preRequestScript":"","parameters":[],"headers":[{"name":"Content-Type","value":"application/json"},{"name":"User-Agent","value":"insomnia/2023.5.8"}],"authentication":{"type":"apikey","disabled":false,"key":"Authorization","value":"{% cookie 'http://localhost', 'Authentication' %}","addTo":"header"},"metaSortKey":-1716856095029.875,"isPrivate":false,"pathParameters":[],"settingStoreCookies":true,"settingSendCookies":true,"settingDisableRenderRequestBody":false,"settingEncodeUrl":true,"settingRebuildPath":true,"settingFollowRedirects":"global","_type":"request"},{"_id":"req_e638bc0f603b49f4af51d01005cab478","parentId":"fld_0f92fb710ed64ed5b1157a8e24feefa0","modified":1717673805689,"created":1716937663223,"url":"http://localhost:3000/montagem/66619ba24434929f2b482408","name":"Delete montagem","description":"","method":"DELETE","body":{"mimeType":"application/json","text":"{\n\t\"_id\": \"665753afc6e076f1083a91b0\",\n\t\"workerName\": \"Eduardo\"\n}"},"preRequestScript":"","parameters":[],"headers":[{"name":"Content-Type","value":"application/json"},{"name":"User-Agent","value":"insomnia/2023.5.8"}],"authentication":{"type":"apikey","disabled":false,"key":"Authorization","value":"{% cookie 'http://localhost', 'Authentication' %}","addTo":"header"},"metaSortKey":-1716856051024.6562,"isPrivate":false,"pathParameters":[],"settingStoreCookies":true,"settingSendCookies":true,"settingDisableRenderRequestBody":false,"settingEncodeUrl":true,"settingRebuildPath":true,"settingFollowRedirects":"global","_type":"request"},{"_id":"req_17294fea88f14025b739b0029668b833","parentId":"fld_0f92fb710ed64ed5b1157a8e24feefa0","modified":1716937656224,"created":1716937633263,"url":"http://localhost:3000/montagens","name":"Delete all montagem","description":"","method":"DELETE","body":{"mimeType":"application/json","text":""},"preRequestScript":"","parameters":[],"headers":[{"name":"Content-Type","value":"application/json"},{"name":"User-Agent","value":"insomnia/2023.5.8"}],"authentication":{"type":"apikey","disabled":false,"key":"Authorization","value":"{% cookie 'http://localhost', 'Authentication' %}","addTo":"header"},"metaSortKey":-1716856007019.4375,"isPrivate":false,"pathParameters":[],"settingStoreCookies":true,"settingSendCookies":true,"settingDisableRenderRequestBody":false,"settingEncodeUrl":true,"settingRebuildPath":true,"settingFollowRedirects":"global","_type":"request"},{"_id":"env_99d30891da4bdcebc63947a8fc17f076de878684","parentId":"wrk_scratchpad","modified":1713432288920,"created":1713432288920,"name":"Base Environment","data":{},"dataPropertyOrder":null,"color":null,"isPrivate":false,"metaSortKey":1713432288920,"_type":"environment"},{"_id":"jar_99d30891da4bdcebc63947a8fc17f076de878684","parentId":"wrk_scratchpad","modified":1717672547936,"created":1713432288932,"name":"Default Jar","cookies":[{"key":"Authentication","value":"eyJhbGciOiJIUzI1NiIsInR5cCI6IkpXVCJ9.eyJ1c2VybmFtZSI6IlBhdGFsSnVuaW9yIiwicGFzc3dvcmQiOiIkMmIkMTAkaTN3S1hsMDEvL0VCdmlmWW4xb1c1LndXWVp3c2ZQbVMuUS5ZbC9QaXFuZ0xHSlhlY2k4VEciLCJpYXQiOjE3MTc2NzI1NDcsImV4cCI6MTcxNzY3NjE0N30.Jhf1ATAJv0aPGSQ_Mi90zdMw8zYGL0ZZ-mBZdF7f14Y","domain":"localhost","path":"/","hostOnly":true,"creation":"2024-06-05T15:34:56.686Z","lastAccessed":"2024-06-06T11:15:47.935Z","id":"0d1cb593-990d-41e4-aba5-5274e5f052eb"}],"_type":"cookie_jar"},{"_id":"env_d47f956bacd74a54a9acd0daad0a29a1","parentId":"env_99d30891da4bdcebc63947a8fc17f076de878684","modified":1706977252325,"created":1706977252325,"name":"New Environment","data":{},"dataPropertyOrder":null,"color":null,"isPrivate":false,"metaSortKey":1706977252325,"_type":"environment"}]}