{"_type":"export","__export_format":4,"__export_date":"2024-05-28T23:10:34.659Z","__export_source":"insomnia.desktop.app:v9.2.0","resources":[{"_id":"req_496950b04af64dbf820953372264a517","parentId":"fld_b8022c37fbf44173a43bdcca86525da3","modified":1716936026797,"created":1716331954953,"url":"http://localhost:3000/users","name":"Obter todos os users","description":"","method":"GET","body":{"mimeType":"application/json","text":""},"preRequestScript":"","parameters":[{"id":"pair_9565d449a7c5468f929ec097650026e6","name":"","value":"","description":""}],"headers":[{"name":"Content-Type","value":"application/json"}],"authentication":{"type":"apikey","disabled":false,"key":"Authorization","value":"{% cookie 'http://localhost', 'Authentication' %}","addTo":"header"},"metaSortKey":-1716855765257,"isPrivate":false,"pathParameters":[],"settingStoreCookies":true,"settingSendCookies":true,"settingDisableRenderRequestBody":false,"settingEncodeUrl":true,"settingRebuildPath":true,"settingFollowRedirects":"global","_type":"request"},{"_id":"fld_b8022c37fbf44173a43bdcca86525da3","parentId":"wrk_scratchpad","modified":1716936011672,"created":1716855760205,"name":"Users","description":"","environment":{},"environmentPropertyOrder":null,"metaSortKey":-1716855911722,"_type":"request_group"},{"_id":"wrk_scratchpad","parentId":null,"modified":1700153809596,"created":1700153809596,"name":"Scratch Pad","description":"","scope":"collection","_type":"workspace"},{"_id":"req_47505da0838d46fca4dea07b1a2161d1","parentId":"fld_b8022c37fbf44173a43bdcca86525da3","modified":1716936033487,"created":1716935355439,"url":"http://localhost:3000/users/PatalJunior2","name":"Obter user por username","description":"","method":"GET","body":{"mimeType":"application/json","text":""},"preRequestScript":"","parameters":[{"id":"pair_9565d449a7c5468f929ec097650026e6","name":"","value":"","description":""}],"headers":[{"name":"Content-Type","value":"application/json"}],"authentication":{"type":"apikey","disabled":false,"key":"Authorization","value":"{% cookie 'http://localhost', 'Authentication' %}","addTo":"header"},"metaSortKey":-1716855765207,"isPrivate":false,"pathParameters":[],"settingStoreCookies":true,"settingSendCookies":true,"settingDisableRenderRequestBody":false,"settingEncodeUrl":true,"settingRebuildPath":true,"settingFollowRedirects":"global","_type":"request"},{"_id":"req_7d5c6ba2907d4b2387558ec70da01f25","parentId":"fld_b8022c37fbf44173a43bdcca86525da3","modified":1716936041202,"created":1714335193598,"url":"http://localhost:3000/users","name":"Register","description":"","method":"POST","body":{"mimeType":"application/json","text":"{\n\t\"username\": \"PatalJunior\",\n\t\"email\": \"eduardopiresabrantes@gmail.com\",\n\t\"password\": \"12345678\",\n\t\"phone\": 968484057\n}"},"preRequestScript":"","parameters":[{"id":"pair_9565d449a7c5468f929ec097650026e6","name":"","value":"","description":""}],"headers":[{"name":"Content-Type","value":"application/json"}],"authentication":{},"metaSortKey":-1716855765182,"isPrivate":false,"pathParameters":[],"settingStoreCookies":true,"settingSendCookies":true,"settingDisableRenderRequestBody":false,"settingEncodeUrl":true,"settingRebuildPath":true,"settingFollowRedirects":"global","_type":"request"},{"_id":"req_763f314dee8149bfbdc6516bc70391fd","parentId":"fld_b8022c37fbf44173a43bdcca86525da3","modified":1716936503719,"created":1716936054291,"url":"http://localhost:3000/users","name":"Atualizar user","description":"","method":"PATCH","body":{"mimeType":"application/json","text":"{\n\t\"oldUsername\":\"PatalJunior\",\n\t\"newUsername\": \"PatalJunior\",\n\t\"newEmail\": \"eduardopiresabrantes@gmail.com\",\n\t\"newPassword\": \"12345678\",\n\t\"newPhone\": 96848057\n}"},"preRequestScript":"","parameters":[],"headers":[{"name":"Content-Type","value":"application/json"},{"name":"User-Agent","value":"insomnia/9.2.0"}],"authentication":{"type":"apikey","disabled":false,"key":"Authorization","value":"{% cookie 'http://localhost', 'Authentication' %}","addTo":"header"},"metaSortKey":-1716855765175.75,"isPrivate":false,"pathParameters":[],"settingStoreCookies":true,"settingSendCookies":true,"settingDisableRenderRequestBody":false,"settingEncodeUrl":true,"settingRebuildPath":true,"settingFollowRedirects":"global","_type":"request"},{"_id":"req_896102edfb704b92ba7bbeda2665d565","parentId":"fld_b8022c37fbf44173a43bdcca86525da3","modified":1716936544511,"created":1716332087623,"url":"http://localhost:3000/users/PatalJunior","name":"Remove User Username","description":"","method":"DELETE","body":{"mimeType":"application/json","text":""},"preRequestScript":"","parameters":[{"id":"pair_9565d449a7c5468f929ec097650026e6","name":"","value":"","description":""}],"headers":[{"name":"Content-Type","value":"application/json"}],"authentication":{"type":"apikey","disabled":false,"key":"Authorization","value":"{% cookie 'http://localhost', 'Authentication' %}","addTo":"header"},"metaSortKey":-1716855765172.625,"isPrivate":false,"pathParameters":[],"settingStoreCookies":true,"settingSendCookies":true,"settingDisableRenderRequestBody":false,"settingEncodeUrl":true,"settingRebuildPath":true,"settingFollowRedirects":"global","_type":"request"},{"_id":"req_aa4b3eb998be4c8ab5c70d65aa3c392e","parentId":"fld_b8022c37fbf44173a43bdcca86525da3","modified":1716936546354,"created":1716332309574,"url":"http://localhost:3000/users","name":"Remove All Users","description":"","method":"DELETE","body":{"mimeType":"application/json","text":""},"preRequestScript":"","parameters":[{"id":"pair_9565d449a7c5468f929ec097650026e6","name":"","value":"","description":""}],"headers":[{"name":"Content-Type","value":"application/json"}],"authentication":{"type":"apikey","disabled":false,"key":"Authorization","value":"{% cookie 'http://localhost', 'Authentication' %}","addTo":"header"},"metaSortKey":-1716855765171.0625,"isPrivate":false,"pathParameters":[],"settingStoreCookies":true,"settingSendCookies":true,"settingDisableRenderRequestBody":false,"settingEncodeUrl":true,"settingRebuildPath":true,"settingFollowRedirects":"global","_type":"request"},{"_id":"req_aebea63742c2487d862c790f73015569","parentId":"fld_b8022c37fbf44173a43bdcca86525da3","modified":1716936043095,"created":1716332781909,"url":"http://localhost:3000/login","name":"Login","description":"","method":"POST","body":{"mimeType":"application/json","text":"{\n\t\"username\": \"PatalJunior\",\n\t\"password\": \"12345678\"\n}"},"preRequestScript":"","parameters":[{"id":"pair_9565d449a7c5468f929ec097650026e6","name":"","value":"","description":""}],"headers":[{"name":"Content-Type","value":"application/json"}],"authentication":{"type":"none"},"metaSortKey":-1716855765169.5,"isPrivate":false,"pathParameters":[],"settingStoreCookies":true,"settingSendCookies":true,"settingDisableRenderRequestBody":false,"settingEncodeUrl":true,"settingRebuildPath":true,"settingFollowRedirects":"global","_type":"request"},{"_id":"req_82ef19de4e6a4d55befbf9381d7f944e","parentId":"fld_f042a70fc0ff4945b9d429ff4792d138","modified":1716936589686,"created":1716855919009,"url":"http://localhost:3000/drones","name":"Obter todos drones","description":"","method":"GET","body":{},"preRequestScript":"","parameters":[],"headers":[{"name":"User-Agent","value":"insomnia/2023.5.8"}],"authentication":{"type":"apikey","disabled":false,"key":"Authorization","value":"{% cookie 'http://localhost', 'Authentication' %}","addTo":"header"},"metaSortKey":-1716855919009,"isPrivate":false,"pathParameters":[],"settingStoreCookies":true,"settingSendCookies":true,"settingDisableRenderRequestBody":false,"settingEncodeUrl":true,"settingRebuildPath":true,"settingFollowRedirects":"global","_type":"request"},{"_id":"fld_f042a70fc0ff4945b9d429ff4792d138","parentId":"wrk_scratchpad","modified":1716936552621,"created":1716855911422,"name":"Drones","description":"","environment":{},"environmentPropertyOrder":null,"metaSortKey":-1716855911672,"_type":"request_group"},{"_id":"req_da97c37e651044ccba9c3aaeb556c0ef","parentId":"fld_f042a70fc0ff4945b9d429ff4792d138","modified":1716936665515,"created":1716936604319,"url":"http://localhost:3000/drones/DJI1","name":"Obter drone por nome","description":"","method":"GET","body":{},"preRequestScript":"","parameters":[],"headers":[{"name":"User-Agent","value":"insomnia/2023.5.8"}],"authentication":{"type":"apikey","disabled":false,"key":"Authorization","value":"{% cookie 'http://localhost', 'Authentication' %}","addTo":"header"},"metaSortKey":-1716855880546,"isPrivate":false,"pathParameters":[],"settingStoreCookies":true,"settingSendCookies":true,"settingDisableRenderRequestBody":false,"settingEncodeUrl":true,"settingRebuildPath":true,"settingFollowRedirects":"global","_type":"request"},{"_id":"req_c07c7e7269254a6388eac7d94cfbedeb","parentId":"fld_f042a70fc0ff4945b9d429ff4792d138","modified":1716937413830,"created":1716855966399,"url":"http://localhost:3000/drones","name":"Criar um drone","description":"","method":"POST","body":{"mimeType":"application/json","text":"{\n\t\"droneModelo\": \"DJI Mini 4\",\n\t\"pecasDrone\": [\n\t\t{\n\t\t\t\"nomePeca\": \"Motor\",\n\t\t\t\"quantidade\": 4\n\t\t},\n\t\t{\n\t\t\t\"nomePeca\": \"Helice\",\n\t\t\t\"quantidade\": 8\n\t\t}\n\t]\n}"},"preRequestScript":"","parameters":[],"headers":[{"name":"Content-Type","value":"application/json"},{"name":"User-Agent","value":"insomnia/2023.5.8"}],"authentication":{"type":"apikey","disabled":false,"key":"Authorization","value":"{% cookie 'http://localhost', 'Authentication' %}","addTo":"header"},"metaSortKey":-1716855842083,"isPrivate":false,"pathParameters":[],"settingStoreCookies":true,"settingSendCookies":true,"settingDisableRenderRequestBody":false,"settingEncodeUrl":true,"settingRebuildPath":true,"settingFollowRedirects":"global","_type":"request"},{"_id":"req_93e74dc346ae49b0bbea0dc1e9d56ddd","parentId":"fld_f042a70fc0ff4945b9d429ff4792d138","modified":1716936827784,"created":1716936736798,"url":"http://localhost:3000/drones","name":"Atualizar dados de drone","description":"","method":"PATCH","body":{"mimeType":"application/json","text":"{\n\t\"oldDroneModelo\": \"DJI2\",\n\t\"newDroneModelo\": \"DJI3\",\n\t\"newPecasDrone\": [\n\t\t{\n\t\t\t\"nomePeca\": \"Motor\",\n\t\t\t\"quantidade\": 2\n\t\t},\n\t\t{\n\t\t\t\"nomePeca\": \"Helice\",\n\t\t\t\"quantidade\": 2\n\t\t}\n\t]\n}"},"preRequestScript":"","parameters":[],"headers":[{"name":"Content-Type","value":"application/json"},{"name":"User-Agent","value":"insomnia/2023.5.8"}],"authentication":{"type":"apikey","disabled":false,"key":"Authorization","value":"{% cookie 'http://localhost', 'Authentication' %}","addTo":"header"},"metaSortKey":-1716855803670,"isPrivate":false,"pathParameters":[],"settingStoreCookies":true,"settingSendCookies":true,"settingDisableRenderRequestBody":false,"settingEncodeUrl":true,"settingRebuildPath":true,"settingFollowRedirects":"global","_type":"request"},{"_id":"req_471b44d015bd4408b9158930035c8489","parentId":"fld_f042a70fc0ff4945b9d429ff4792d138","modified":1716937051916,"created":1716936873860,"url":"http://localhost:3000/drones/DJI1","name":"Remover drone pelo modelo","description":"","method":"DELETE","body":{"mimeType":"application/json","text":""},"preRequestScript":"","parameters":[],"headers":[{"name":"Content-Type","value":"application/json"},{"name":"User-Agent","value":"insomnia/2023.5.8"}],"authentication":{"type":"apikey","disabled":false,"key":"Authorization","value":"{% cookie 'http://localhost', 'Authentication' %}","addTo":"header"},"metaSortKey":-1716855784463.5,"isPrivate":false,"pathParameters":[],"settingStoreCookies":true,"settingSendCookies":true,"settingDisableRenderRequestBody":false,"settingEncodeUrl":true,"settingRebuildPath":true,"settingFollowRedirects":"global","_type":"request"},{"_id":"req_feaeea72e3a54054a5b53773ded63bb0","parentId":"fld_f042a70fc0ff4945b9d429ff4792d138","modified":1716937112467,"created":1716937092048,"url":"http://localhost:3000/drones","name":"Remover todos drones","description":"","method":"DELETE","body":{"mimeType":"application/json","text":""},"preRequestScript":"","parameters":[],"headers":[{"name":"Content-Type","value":"application/json"},{"name":"User-Agent","value":"insomnia/2023.5.8"}],"authentication":{"type":"apikey","disabled":false,"key":"Authorization","value":"{% cookie 'http://localhost', 'Authentication' %}","addTo":"header"},"metaSortKey":-1716855774860.25,"isPrivate":false,"pathParameters":[],"settingStoreCookies":true,"settingSendCookies":true,"settingDisableRenderRequestBody":false,"settingEncodeUrl":true,"settingRebuildPath":true,"settingFollowRedirects":"global","_type":"request"},{"_id":"req_950b238688264845a3d71efebec6e9ba","parentId":"fld_5bbf44938eb447ca88d185d81edbcba1","modified":1716935914610,"created":1716854054766,"url":"http://localhost:3000/pecas","name":"Obter todas as pecas","description":"","method":"GET","body":{},"preRequestScript":"","parameters":[],"headers":[{"name":"User-Agent","value":"insomnia/2023.5.8"}],"authentication":{"type":"apikey","disabled":false,"key":"Authorization","value":"{% cookie 'http://localhost', 'Authentication' %}","addTo":"header"},"metaSortKey":-1716854220650,"isPrivate":false,"pathParameters":[],"settingStoreCookies":true,"settingSendCookies":true,"settingDisableRenderRequestBody":false,"settingEncodeUrl":true,"settingRebuildPath":true,"settingFollowRedirects":"global","_type":"request"},{"_id":"fld_5bbf44938eb447ca88d185d81edbcba1","parentId":"wrk_scratchpad","modified":1716936008499,"created":1716854052094,"name":"Pecas","description":"","environment":{},"environmentPropertyOrder":null,"metaSortKey":-1716855911622,"_type":"request_group"},{"_id":"req_debdf2316fcd4c168b3077d20e0b8eb9","parentId":"fld_5bbf44938eb447ca88d185d81edbcba1","modified":1716937206868,"created":1716854084513,"url":"http://localhost:3000/pecas/Motor","name":"Obter peca por nome","description":"","method":"GET","body":{},"preRequestScript":"","parameters":[],"headers":[{"name":"User-Agent","value":"insomnia/2023.5.8"}],"authentication":{"type":"apikey","disabled":false,"key":"Authorization","value":"{% cookie 'http://localhost', 'Authentication' %}","addTo":"header"},"metaSortKey":-1716854220600,"isPrivate":false,"pathParameters":[],"settingStoreCookies":true,"settingSendCookies":true,"settingDisableRenderRequestBody":false,"settingEncodeUrl":true,"settingRebuildPath":true,"settingFollowRedirects":"global","_type":"request"},{"_id":"req_231f9880f2d74566b23f7dc74a312fe7","parentId":"fld_5bbf44938eb447ca88d185d81edbcba1","modified":1716937391687,"created":1716854220550,"url":"http://localhost:3000/pecas","name":"Adicionar uma peca","description":"","method":"POST","body":{"mimeType":"application/json","text":"{\n\t\"nomePeca\": \"Motor\",\n\t\"quantidade\": 10\n}"},"preRequestScript":"","parameters":[],"headers":[{"name":"Content-Type","value":"application/json"},{"name":"User-Agent","value":"insomnia/2023.5.8"}],"authentication":{"type":"apikey","disabled":false,"key":"Authorization","value":"{% cookie 'http://localhost', 'Authentication' %}","addTo":"header"},"metaSortKey":-1716854220587.5,"isPrivate":false,"pathParameters":[],"settingStoreCookies":true,"settingSendCookies":true,"settingDisableRenderRequestBody":false,"settingEncodeUrl":true,"settingRebuildPath":true,"settingFollowRedirects":"global","_type":"request"},{"_id":"req_a1dbad685b5f4ca4aa293bc06fa025af","parentId":"fld_5bbf44938eb447ca88d185d81edbcba1","modified":1716935926480,"created":1716854565881,"url":"http://localhost:3000/pecas","name":"Atualizar uma peca","description":"","method":"PATCH","body":{"mimeType":"application/json","text":"{\n\t\"oldNomePeca\": \"Motores\",\n\t\"newNomePeca\": \"Motore\",\n\t\"newQuantidade\": 10\n}"},"preRequestScript":"","parameters":[],"headers":[{"name":"Content-Type","value":"application/json"},{"name":"User-Agent","value":"insomnia/2023.5.8"}],"authentication":{"type":"apikey","disabled":false,"key":"Authorization","value":"{% cookie 'http://localhost', 'Authentication' %}","addTo":"header"},"metaSortKey":-1716854220575,"isPrivate":false,"pathParameters":[],"settingStoreCookies":true,"settingSendCookies":true,"settingDisableRenderRequestBody":false,"settingEncodeUrl":true,"settingRebuildPath":true,"settingFollowRedirects":"global","_type":"request"},{"_id":"req_a89323af5be94bbea5a0780673e2dffe","parentId":"fld_5bbf44938eb447ca88d185d81edbcba1","modified":1716937250462,"created":1716855821104,"url":"http://localhost:3000/pecas","name":"Apagar pecas","description":"","method":"DELETE","body":{},"preRequestScript":"","parameters":[],"headers":[{"name":"User-Agent","value":"insomnia/2023.5.8"}],"authentication":{"type":"apikey","disabled":false,"key":"Authorization","value":"{% cookie 'http://localhost', 'Authentication' %}","addTo":"header"},"metaSortKey":-1716854220562.5,"isPrivate":false,"pathParameters":[],"settingStoreCookies":true,"settingSendCookies":true,"settingDisableRenderRequestBody":false,"settingEncodeUrl":true,"settingRebuildPath":true,"settingFollowRedirects":"global","_type":"request"},{"_id":"req_158120c1ca28411dbb887003dfbba188","parentId":"fld_5bbf44938eb447ca88d185d81edbcba1","modified":1716937329904,"created":1716935787079,"url":"http://localhost:3000/pecas/Motor","name":"Apagar peca por nome","description":"","method":"DELETE","body":{},"preRequestScript":"","parameters":[],"headers":[{"name":"User-Agent","value":"insomnia/2023.5.8"}],"authentication":{"type":"apikey","disabled":false,"key":"Authorization","value":"{% cookie 'htpp://localhost', 'Authentication' %}","addTo":"header"},"metaSortKey":-1713094124051,"isPrivate":false,"pathParameters":[],"settingStoreCookies":true,"settingSendCookies":true,"settingDisableRenderRequestBody":false,"settingEncodeUrl":true,"settingRebuildPath":true,"settingFollowRedirects":"global","_type":"request"},{"_id":"req_4e93cab76e8742b1af002421cc9736ea","parentId":"fld_6515ed50e4524c6096667b5eac5b9263","modified":1716923965917,"created":1716856682028,"url":"http://localhost:3000/montagem","name":"Criar montagem","description":"","method":"POST","body":{"mimeType":"application/json","text":"{\n\t\"droneModel\": \"DJI Mini 4\",\n\t\"workerName\": \"Eduardo\",\n\t\"pecasUsadas\": [\n\t\t{\n\t\t\t\"nomePeca\": \"Helice\",\n\t\t\t\"quantidade\": 1\n\t\t},\n\t\t{\n\t\t\t\"nomePeca\": \"Motor\",\n\t\t\t\"quantidade\": 4\n\t\t}\n\t]\n}"},"preRequestScript":"","parameters":[],"headers":[{"name":"Content-Type","value":"application/json"},{"name":"User-Agent","value":"insomnia/2023.5.8"}],"authentication":{"type":"apikey","disabled":false,"key":"Authorization","value":"{% cookie 'http://localhost', 'Authentication' %}","addTo":"header"},"metaSortKey":-1716856388498,"isPrivate":false,"pathParameters":[],"settingStoreCookies":true,"settingSendCookies":true,"settingDisableRenderRequestBody":false,"settingEncodeUrl":true,"settingRebuildPath":true,"settingFollowRedirects":"global","_type":"request"},{"_id":"fld_6515ed50e4524c6096667b5eac5b9263","parentId":"wrk_scratchpad","modified":1716936003983,"created":1716856373311,"name":"Montagens","description":"","environment":{},"environmentPropertyOrder":null,"metaSortKey":-1716855911522,"_type":"request_group"},{"_id":"req_e02c46e62b754dad83049bb30bfc317a","parentId":"fld_6515ed50e4524c6096667b5eac5b9263","modified":1716937452169,"created":1716856384931,"url":"http://localhost:3000/montagens","name":"Obter montagens","description":"","method":"GET","body":{},"preRequestScript":"","parameters":[],"headers":[{"name":"User-Agent","value":"insomnia/2023.5.8"}],"authentication":{"type":"apikey","disabled":false,"key":"Authorization","value":"{% cookie 'http://localhost', 'Authentication' %}","addTo":"header"},"metaSortKey":-1716856388398,"isPrivate":false,"pathParameters":[],"settingStoreCookies":true,"settingSendCookies":true,"settingDisableRenderRequestBody":false,"settingEncodeUrl":true,"settingRebuildPath":true,"settingFollowRedirects":"global","_type":"request"},{"_id":"req_9ebafff384644940bb8536042474b2a1","parentId":"fld_6515ed50e4524c6096667b5eac5b9263","modified":1716937504285,"created":1716857553749,"url":"http://localhost:3000/montagem","name":"Obter montagem","description":"","method":"GET","body":{"mimeType":"application/json","text":"{\n\t\"droneModel\": \"DJI Mini 4\",\n\t\"workerName\": \"Eduardo\",\n\t\"startDate\": \"2024-05-28T16:32:38.862+00:00\"\n}"},"preRequestScript":"","parameters":[],"headers":[{"name":"Content-Type","value":"application/json"},{"name":"User-Agent","value":"insomnia/2023.5.8"}],"authentication":{"type":"apikey","disabled":false,"key":"Authorization","value":"{% cookie 'http://localhost', 'Authentication' %}","addTo":"header"},"metaSortKey":-1716856271050.75,"isPrivate":false,"pathParameters":[],"settingStoreCookies":true,"settingSendCookies":true,"settingDisableRenderRequestBody":false,"settingEncodeUrl":true,"settingRebuildPath":true,"settingFollowRedirects":"global","_type":"request"},{"_id":"req_d6afe3c379e54a9a96dd83948055715f","parentId":"fld_6515ed50e4524c6096667b5eac5b9263","modified":1716937556148,"created":1716857773421,"url":"http://localhost:3000/montagem","name":"Atualizar montagem","description":"","method":"PUT","body":{"mimeType":"application/json","text":"{\n\t\"oldDroneModel\": \"DJI Mini 4\",\n\t\"oldWorkerName\": \"Eduardo\",\n\t\"startDate\": \"2024-05-28T23:03:45.556+00:00\",\n\t\"droneModel\": \"DJI Mini 4\",\n\t\"workerName\": \"Eduardo\",\n\t\"pecasUsadas\" : [\n\t\t{\n\t\t\t\"nomePeca\": \"Helice\",\n\t\t\t\"quantidade\": -100\n\t\t},\n\t\t{\n\t\t\t\"nomePeca\": \"Motor\",\n\t\t\t\"quantidade\": -100\n\t\t}\n\t]\n}"},"preRequestScript":"","parameters":[],"headers":[{"name":"Content-Type","value":"application/json"},{"name":"User-Agent","value":"insomnia/2023.5.8"}],"authentication":{"type":"apikey","disabled":false,"key":"Authorization","value":"{% cookie 'http://localhost', 'Authentication' %}","addTo":"header"},"metaSortKey":-1716856095029.875,"isPrivate":false,"pathParameters":[],"settingStoreCookies":true,"settingSendCookies":true,"settingDisableRenderRequestBody":false,"settingEncodeUrl":true,"settingRebuildPath":true,"settingFollowRedirects":"global","_type":"request"},{"_id":"req_c7f13d1646eb4446bc00315aa77bafac","parentId":"fld_6515ed50e4524c6096667b5eac5b9263","modified":1716937717492,"created":1716937663223,"url":"http://localhost:3000/montagem","name":"Delete montagem","description":"","method":"DELETE","body":{"mimeType":"application/json","text":"{\n\t\"droneModel\": \"DJI Mini 4\",\n\t\"workerName\": \"Eduardo\"\n}"},"preRequestScript":"","parameters":[],"headers":[{"name":"Content-Type","value":"application/json"},{"name":"User-Agent","value":"insomnia/2023.5.8"}],"authentication":{"type":"apikey","disabled":false,"key":"Authorization","value":"{% cookie 'http://localhost', 'Authentication' %}","addTo":"header"},"metaSortKey":-1716856051024.6562,"isPrivate":false,"pathParameters":[],"settingStoreCookies":true,"settingSendCookies":true,"settingDisableRenderRequestBody":false,"settingEncodeUrl":true,"settingRebuildPath":true,"settingFollowRedirects":"global","_type":"request"},{"_id":"req_f36f6938c8da4f88a8aa8b57edeb6789","parentId":"fld_6515ed50e4524c6096667b5eac5b9263","modified":1716937656224,"created":1716937633263,"url":"http://localhost:3000/montagens","name":"Delete all montagem","description":"","method":"DELETE","body":{"mimeType":"application/json","text":""},"preRequestScript":"","parameters":[],"headers":[{"name":"Content-Type","value":"application/json"},{"name":"User-Agent","value":"insomnia/2023.5.8"}],"authentication":{"type":"apikey","disabled":false,"key":"Authorization","value":"{% cookie 'http://localhost', 'Authentication' %}","addTo":"header"},"metaSortKey":-1716856007019.4375,"isPrivate":false,"pathParameters":[],"settingStoreCookies":true,"settingSendCookies":true,"settingDisableRenderRequestBody":false,"settingEncodeUrl":true,"settingRebuildPath":true,"settingFollowRedirects":"global","_type":"request"},{"_id":"env_99d30891da4bdcebc63947a8fc17f076de878684","parentId":"wrk_scratchpad","modified":1716910375351,"created":1700153842777,"name":"Base Environment","data":{"token":"a"},"dataPropertyOrder":{"&":["token"]},"color":null,"isPrivate":false,"metaSortKey":1700153842777,"_type":"environment"},{"_id":"jar_99d30891da4bdcebc63947a8fc17f076de878684","parentId":"wrk_scratchpad","modified":1716935537528,"created":1700153842787,"name":"Default Jar","cookies":[{"key":"Authentication","value":"eyJhbGciOiJIUzI1NiIsInR5cCI6IkpXVCJ9.eyJ1c2VybmFtZSI6IlBhdGFsSnVuaW9yIiwicGFzc3dvcmQiOiIkMmIkMTAkVm9uS1NrMmJnOTM2dy5lMW12dW5xZUY1ZkYwd0JwZFd6QS5XYUVvMEVnSTlyLmZJT3NVSEMiLCJpYXQiOjE3MTY5MzU1MzcsImV4cCI6MTcxNjkzOTEzN30.EAuH1qYenY-C2oGPWQqK-o--CQc7zOiQpgkiFp0jpXc","domain":"localhost","path":"/","hostOnly":true,"creation":"2024-05-28T15:50:22.190Z","lastAccessed":"2024-05-28T22:32:17.527Z","id":"41e99def-027b-4e2f-8ab9-2b9812fefaa1"}],"_type":"cookie_jar"},{"_id":"env_acf2efd1627a40e8a322747b167f9634","parentId":"env_99d30891da4bdcebc63947a8fc17f076de878684","modified":1706977252325,"created":1706977252325,"name":"New Environment","data":{},"dataPropertyOrder":null,"color":null,"isPrivate":false,"metaSortKey":1706977252325,"_type":"environment"}]}